Date,Current,Next,Difference
29-Jan-10,4875.65,4876.2,0.55
01-Feb-10,4899.45,4902.6,3.15
02-Feb-10,4821.75,4823.55,1.8
03-Feb-10,4925.8,4927.25,1.45
04-Feb-10,4833.6,4831,-2.6
05-Feb-10,4708.25,4707.35,-0.9
06-Feb-10,4749.35,4747.15,-2.2
08-Feb-10,4764.9,4761.05,-3.85
09-Feb-10,4793.35,4786.75,-6.6
10-Feb-10,4751.15,4743.3,-7.85
11-Feb-10,4828.85,4823.85,-5
15-Feb-10,4795.7,4792,-3.7
16-Feb-10,4865.2,4857.45,-7.75
17-Feb-10,4906.75,4903,-3.75
18-Feb-10,4886.8,4884.2,-2.6
19-Feb-10,4845.95,4841.05,-4.9
22-Feb-10,4856.6,4853.6,-3
23-Feb-10,4870.55,4867.7,-2.85
24-Feb-10,4862,4854.6,-7.4
25-Feb-10,4860.1,4863.2,3.1
26-Feb-10,4930.35,4930.75,0.4
02-Mar-10,5022.8,5015.05,-7.75
03-Mar-10,5081.1,5080.05,-1.05
04-Mar-10,5081.25,5080.85,-0.4
05-Mar-10,5087.55,5089.65,2.1
08-Mar-10,5117.5,5118.85,1.35
09-Mar-10,5097.05,5099.15,2.1
10-Mar-10,5118.25,5117.2,-1.05
11-Mar-10,5146.85,5142.7,-4.15
12-Mar-10,5144.7,5143.6,-1.1
15-Mar-10,5131.9,5131.05,-0.85
16-Mar-10,5204.65,5202,-2.65
17-Mar-10,5239.6,5240.5,0.9
18-Mar-10,5254.15,5255.9,1.75
19-Mar-10,5274.7,5277.45,2.75
22-Mar-10,5213.3,5217.05,3.75
23-Mar-10,5226.7,5239,12.3
25-Mar-10,5260.65,5273,12.35
26-Mar-10,5296.95,5300.5,3.55
29-Mar-10,5318.8,5324.6,5.8
30-Mar-10,5273.9,5279.2,5.3
31-Mar-10,5261.6,5267.35,5.75
01-Apr-10,5306.8,5312.15,5.35
05-Apr-10,5365.9,5371.6,5.7
06-Apr-10,5367.1,5371.6,4.5
07-Apr-10,5378.95,5383.75,4.8
08-Apr-10,5301.6,5308.6,7
09-Apr-10,5364.9,5368.65,3.75
12-Apr-10,5343.8,5347.3,3.5
13-Apr-10,5329.6,5333.85,4.25
15-Apr-10,5277.3,5280.95,3.65
16-Apr-10,5263.05,5267,3.95
19-Apr-10,5207.4,5211.65,4.25
20-Apr-10,5226.65,5229.1,2.45
21-Apr-10,5245.15,5247.9,2.75
22-Apr-10,5265.4,5267.1,1.7
23-Apr-10,5305,5307.95,2.95
26-Apr-10,5319.9,5323.95,4.05
27-Apr-10,5309.05,5312.35,3.3
28-Apr-10,5216.7,5216.2,-0.5
29-Apr-10,5254.1,5245.05,-9.05
30-Apr-10,5262.8,5262.45,-0.35
03-May-10,5218.45,5220.4,1.95
04-May-10,5141.85,5143.45,1.6
05-May-10,5120.15,5120.55,0.4
06-May-10,5087.15,5088.55,1.4
07-May-10,5019.8,5017.25,-2.55
10-May-10,5200.25,5199.15,-1.1
11-May-10,5132.95,5132.9,-0.05
12-May-10,5150.2,5150.1,-0.1
13-May-10,5178.15,5177,-1.15
14-May-10,5083.65,5090.4,6.75
17-May-10,5058.05,5059.25,1.2
18-May-10,5063.4,5061.85,-1.55
19-May-10,4922.9,4918.7,-4.2
20-May-10,4941.05,4935.15,-5.9
21-May-10,4928.4,4924.6,-3.8
24-May-10,4931.05,4920.3,-10.75
25-May-10,4809.35,4791.35,-18
26-May-10,4917.05,4904.15,-12.9
27-May-10,5004,4987.9,-16.1
28-May-10,5041,5037.5,-3.5
31-May-10,5056.2,5053.1,-3.1
01-Jun-10,4944.05,4942.95,-1.1
02-Jun-10,5004.35,5000.15,-4.2
03-Jun-10,5095.95,5091.7,-4.25
04-Jun-10,5119.95,5115.8,-4.15
07-Jun-10,5020.2,5016.3,-3.9
08-Jun-10,4960.7,4957.35,-3.35
09-Jun-10,4990.4,4987.35,-3.05
10-Jun-10,5086.1,5082.85,-3.25
11-Jun-10,5116.85,5112.85,-4
14-Jun-10,5204.8,5200.3,-4.5
15-Jun-10,5234.3,5229.75,-4.55
16-Jun-10,5226.45,5223.05,-3.4
17-Jun-10,5284.8,5283.7,-1.1
18-Jun-10,5261.15,5263.55,2.4
21-Jun-10,5357.65,5364.4,6.75
22-Jun-10,5320.3,5326.95,6.65
23-Jun-10,5333.6,5339.5,5.9
24-Jun-10,5320.55,5316.85,-3.7
25-Jun-10,5283.7,5285.4,1.7
28-Jun-10,5339.95,5342.8,2.85
29-Jun-10,5266.45,5266.9,0.45
30-Jun-10,5316.25,5319.1,2.85
01-Jul-10,5258.3,5262.25,3.95
02-Jul-10,5250.85,5255.3,4.45
05-Jul-10,5249.1,5254,4.9
06-Jul-10,5306.9,5310.8,3.9
07-Jul-10,5247.7,5251.1,3.4
08-Jul-10,5309.45,5313.05,3.6
09-Jul-10,5354.05,5356.25,2.2
12-Jul-10,5381.2,5382.65,1.45
13-Jul-10,5417.1,5420.5,3.4
14-Jul-10,5388.45,5394.3,5.85
15-Jul-10,5381.6,5386.75,5.15
16-Jul-10,5398.25,5404.55,6.3
19-Jul-10,5384.8,5390.35,5.55
20-Jul-10,5363.8,5372.05,8.25
21-Jul-10,5403.8,5411.5,7.7
22-Jul-10,5453.6,5458.8,5.2
23-Jul-10,5443.8,5449.6,5.8
26-Jul-10,5422.55,5430.25,7.7
27-Jul-10,5434.6,5443.8,9.2
28-Jul-10,5394.4,5402.85,8.45
29-Jul-10,5408.75,5421.7,12.95
30-Jul-10,5374.3,5379.9,5.6
02-Aug-10,5434.35,5436.7,2.35
03-Aug-10,5437.45,5443.35,5.9
04-Aug-10,5460.2,5464.65,4.45
05-Aug-10,5457.55,5462.85,5.3
06-Aug-10,5442.45,5446.6,4.15
09-Aug-10,5482,5487.4,5.4
10-Aug-10,5460.95,5465.7,4.75
11-Aug-10,5411.9,5419.75,7.85
12-Aug-10,5419.7,5426.35,6.65
13-Aug-10,5456.45,5463.7,7.25
16-Aug-10,5417.45,5423.55,6.1
17-Aug-10,5424.8,5432.5,7.7
18-Aug-10,5483.05,5487.35,4.3
19-Aug-10,5527.7,5535.65,7.95
20-Aug-10,5522.55,5530.6,8.05
23-Aug-10,5536.9,5545.8,8.9
24-Aug-10,5510.35,5518.15,7.8
25-Aug-10,5469.85,5474.1,4.25
26-Aug-10,5477.7,5471.95,-5.75
27-Aug-10,5415.75,5421.05,5.3
30-Aug-10,5426.2,5428.65,2.45
31-Aug-10,5403.7,5408.9,5.2
01-Sep-10,5477.95,5482.5,4.55
02-Sep-10,5489.85,5494.3,4.45
03-Sep-10,5484.9,5489.75,4.85
06-Sep-10,5577,5581.2,4.2
07-Sep-10,5591.65,5597.45,5.8
08-Sep-10,5596.65,5601.35,4.7
09-Sep-10,5631.85,5636.9,5.05
13-Sep-10,5763.2,5767.8,4.6
14-Sep-10,5812,5818.85,6.85
15-Sep-10,5860.1,5870.7,10.6
16-Sep-10,5841.9,5855.1,13.2
17-Sep-10,5904.05,5920.7,16.65
20-Sep-10,5994.1,6007.3,13.2
21-Sep-10,6011.65,6022.65,11
22-Sep-10,6002.15,6015.75,13.6
23-Sep-10,5971.75,5984.85,13.1
24-Sep-10,6034.55,6048.55,14
27-Sep-10,6053.8,6070.6,16.8
28-Sep-10,6049.9,6063.9,14
29-Sep-10,6000.4,6025.75,25.35
30-Sep-10,6030,6033.5,3.5
01-Oct-10,6176.3,6187.6,11.3
04-Oct-10,6185.5,6203.2,17.7
05-Oct-10,6182.85,6202.55,19.7
06-Oct-10,6214.1,6230.75,16.65
07-Oct-10,6146.85,6163.2,16.35
08-Oct-10,6133.45,6148.4,14.95
11-Oct-10,6159.75,6178.15,18.4
12-Oct-10,6118.65,6135.75,17.1
13-Oct-10,6273.85,6292.85,19
14-Oct-10,6197.5,6216.35,18.85
15-Oct-10,6092,6113.35,21.35
18-Oct-10,6122.2,6140.75,18.55
19-Oct-10,6044.15,6072.7,28.55
20-Oct-10,6007.8,6032.85,25.05
21-Oct-10,6135.15,6158.95,23.8
22-Oct-10,6089.75,6116.2,26.45
25-Oct-10,6136.2,6162.35,26.15
26-Oct-10,6108.25,6137.05,28.8
27-Oct-10,6037.5,6067.6,30.1
28-Oct-10,5987.7,6063.95,76.25
29-Oct-10,6043.6,6068.7,25.1
01-Nov-10,6152.05,6176.5,24.45
02-Nov-10,6155.95,6182.25,26.3
03-Nov-10,6191.25,6215.55,24.3
04-Nov-10,6301.55,6327.9,26.35
05-Nov-10,6325.05,6352.3,27.25
08-Nov-10,6296.8,6325.15,28.35
09-Nov-10,6333.45,6361.05,27.6
10-Nov-10,6308.3,6340.65,32.35
11-Nov-10,6232.55,6266.4,33.85
12-Nov-10,6091.55,6124.7,33.15
15-Nov-10,6140.25,6178.6,38.35
16-Nov-10,5994.95,6027.15,32.2
18-Nov-10,6031.6,6059.9,28.3
19-Nov-10,5890.15,5920.85,30.7
22-Nov-10,6010,6040.1,30.1
23-Nov-10,5941.3,5963.5,22.2
24-Nov-10,5873.25,5886.1,12.85
25-Nov-10,5800,5848.1,48.1
26-Nov-10,5778.15,5801.75,23.6
29-Nov-10,5844.75,5867.9,23.15
30-Nov-10,5886.9,5908.75,21.85
01-Dec-10,5979.1,6001.7,22.6
02-Dec-10,6029.05,6051.35,22.3
03-Dec-10,6016.75,6038.1,21.35
06-Dec-10,6001.65,6023.55,21.9
07-Dec-10,6009.5,6032.8,23.3
08-Dec-10,5923.95,5948.3,24.35
09-Dec-10,5779.9,5804.7,24.8
10-Dec-10,5879.6,5903.45,23.85
13-Dec-10,5932.95,5957.3,24.35
14-Dec-10,5960.3,5985.4,25.1
15-Dec-10,5895.1,5920.7,25.6
16-Dec-10,5966.8,5992.5,25.7
20-Dec-10,5959.05,5983.3,24.25
21-Dec-10,6011.6,6039.2,27.6
22-Dec-10,5999.55,6025.4,25.85
23-Dec-10,5996.15,6022.5,26.35
24-Dec-10,6037.2,6064.25,27.05
27-Dec-10,6011.85,6039.8,27.95
28-Dec-10,6014.15,6043.25,29.1
29-Dec-10,6068.9,6107.5,38.6
30-Dec-10,6102.95,6130.8,27.85
31-Dec-10,6162.55,6189.95,27.4
03-Jan-11,6182.35,6207.7,25.35
04-Jan-11,6160.1,6186.05,25.95
05-Jan-11,6104.2,6130.95,26.75
06-Jan-11,6072.25,6098.75,26.5
07-Jan-11,5914.15,5943.45,29.3
10-Jan-11,5766.3,5796.65,30.35
11-Jan-11,5770.3,5789.2,18.9
12-Jan-11,5874.25,5899.7,25.45
13-Jan-11,5755.8,5777.25,21.45
14-Jan-11,5654,5678.8,24.8
17-Jan-11,5657.15,5679.75,22.6
18-Jan-11,5732.4,5756.45,24.05
19-Jan-11,5689.15,5714.55,25.4
20-Jan-11,5718.25,5742.1,23.85
21-Jan-11,5700.6,5728.6,28
24-Jan-11,5740.45,5760.85,20.4
25-Jan-11,5684.25,5697.15,12.9
27-Jan-11,5604.2,5627.9,23.7
28-Jan-11,5536.55,5553.6,17.05
31-Jan-11,5523.55,5538.3,14.75
01-Feb-11,5429.15,5444.55,15.4
02-Feb-11,5442.5,5458.1,15.6
03-Feb-11,5538.95,5555.45,16.5
04-Feb-11,5387,5404.05,17.05
07-Feb-11,5394.05,5410.3,16.25
08-Feb-11,5314.45,5332,17.55
09-Feb-11,5260.95,5271.1,10.15
10-Feb-11,5230.15,5246.3,16.15
11-Feb-11,5317.45,5333.85,16.4
14-Feb-11,5455.65,5474.5,18.85
15-Feb-11,5476.1,5496.7,20.6
16-Feb-11,5485.25,5503.45,18.2
17-Feb-11,5546.3,5565.15,18.85
18-Feb-11,5453.65,5476,22.35
21-Feb-11,5528.15,5547.25,19.1
22-Feb-11,5470.35,5484.8,14.45
23-Feb-11,5435.75,5442.95,7.2
24-Feb-11,5265.3,5279.35,14.05
25-Feb-11,5313.8,5335.4,21.6
28-Feb-11,5338,5354.85,16.85
01-Mar-11,5543.85,5558.55,14.7
03-Mar-11,5544.7,5563.1,18.4
04-Mar-11,5535.95,5553.3,17.35
07-Mar-11,5475.6,5494.95,19.35
08-Mar-11,5536.25,5556.15,19.9
09-Mar-11,5541.8,5561.1,19.3
10-Mar-11,5504.65,5524.35,19.7
11-Mar-11,5459.6,5482.55,22.95
14-Mar-11,5555.3,5577.55,22.25
15-Mar-11,5447.6,5470.7,23.1
16-Mar-11,5523.85,5546.05,22.2
17-Mar-11,5466.65,5486.2,19.55
18-Mar-11,5386.85,5414.75,27.9
21-Mar-11,5380.1,5406.45,26.35
22-Mar-11,5434.15,5457.05,22.9
23-Mar-11,5500.25,5518.5,18.25
24-Mar-11,5545.8,5565.5,19.7
25-Mar-11,5680.7,5701.15,20.45
28-Mar-11,5699.65,5728.85,29.2
29-Mar-11,5751.45,5780.9,29.45
30-Mar-11,5799.4,5839.15,39.75
31-Mar-11,5824.2,5858.7,34.5
01-Apr-11,5861.35,5881.25,19.9
04-Apr-11,5943.3,5961.85,18.55
05-Apr-11,5932.6,5951.95,19.35
06-Apr-11,5910.95,5929.6,18.65
07-Apr-11,5902,5920.8,18.8
08-Apr-11,5854.9,5872.7,17.8
11-Apr-11,5803.65,5823.45,19.8
13-Apr-11,5938.1,5955.2,17.1
15-Apr-11,5834.15,5856.05,21.9
18-Apr-11,5736,5757.3,21.3
19-Apr-11,5760.3,5782.95,22.65
20-Apr-11,5870.6,5893.9,23.3
21-Apr-11,5903.55,5927.5,23.95
25-Apr-11,5886.5,5912.8,26.3
26-Apr-11,5881.1,5911.65,30.55
27-Apr-11,5836.55,5862.3,25.75
28-Apr-11,5784,5810.4,26.4
29-Apr-11,5753.8,5764,10.2
02-May-11,5725.4,5739.85,14.45
03-May-11,5568.7,5582.7,14
04-May-11,5538.05,5551.25,13.2
05-May-11,5458.4,5469.75,11.35
06-May-11,5555,5567.45,12.45
09-May-11,5558.65,5570.3,11.65
10-May-11,5545.8,5555.8,10
11-May-11,5564.65,5578.1,13.45
12-May-11,5481.35,5494.3,12.95
13-May-11,5558.9,5572.1,13.2
16-May-11,5488.7,5502.25,13.55
17-May-11,5447.4,5459.05,11.65
18-May-11,5424.05,5434.8,10.75
19-May-11,5424.8,5433.1,8.3
20-May-11,5484.6,5491.3,6.7
23-May-11,5383.45,5385.85,2.4
24-May-11,5387.85,5383.95,-3.9
25-May-11,5349.45,5343.65,-5.8
26-May-11,5402.15,5390.65,-11.5
27-May-11,5466.35,5476.3,9.95
30-May-11,5466.85,5477.35,10.5
31-May-11,5554.9,5566.4,11.5
01-Jun-11,5590.45,5601.55,11.1
02-Jun-11,5558.45,5570.65,12.2
03-Jun-11,5523.5,5534,10.5
06-Jun-11,5534.2,5548.1,13.9
07-Jun-11,5562.7,5575.8,13.1
08-Jun-11,5529.85,5542.85,13
09-Jun-11,5519.15,5533.55,14.4
10-Jun-11,5484.15,5498.05,13.9
13-Jun-11,5498.5,5512.7,14.2
14-Jun-11,5515.8,5530.6,14.8
15-Jun-11,5450.6,5464.4,13.8
16-Jun-11,5402.4,5419.7,17.3
17-Jun-11,5380.1,5394.8,14.7
20-Jun-11,5260.05,5271.35,11.3
21-Jun-11,5277.85,5288.45,10.6
22-Jun-11,5283.25,5293.1,9.85
23-Jun-11,5316.2,5325,8.8
24-Jun-11,5484.05,5494.75,10.7
27-Jun-11,5534.2,5548.6,14.4
28-Jun-11,5549.05,5567.45,18.4
29-Jun-11,5604.1,5623.1,19
30-Jun-11,5644.1,5655.4,11.3
01-Jul-11,5638.4,5654.85,16.45
04-Jul-11,5665.85,5682.5,16.65
05-Jul-11,5651.1,5667.4,16.3
06-Jul-11,5636.65,5654.45,17.8
07-Jul-11,5744.6,5761,16.4
08-Jul-11,5672.3,5689.2,16.9
11-Jul-11,5617.05,5633.6,16.55
12-Jul-11,5539.95,5555.7,15.75
13-Jul-11,5599.75,5614.9,15.15
14-Jul-11,5600.25,5614.95,14.7
15-Jul-11,5586.95,5603.7,16.75
18-Jul-11,5572.75,5592.2,19.45
19-Jul-11,5624.3,5644.45,20.15
20-Jul-11,5569.55,5589.6,20.05
21-Jul-11,5544.2,5562.45,18.25
22-Jul-11,5645.55,5663.25,17.7
25-Jul-11,5690.65,5706.2,15.55
26-Jul-11,5574.35,5590.2,15.85
27-Jul-11,5547.9,5556.95,9.05
28-Jul-11,5492.7,5498.7,6
29-Jul-11,5488.05,5504.85,16.8
01-Aug-11,5532.95,5549.2,16.25
02-Aug-11,5466.5,5482.55,16.05
03-Aug-11,5424.4,5441.3,16.9
04-Aug-11,5337.2,5352,14.8
05-Aug-11,5211.35,5227.15,15.8
08-Aug-11,5126.2,5137.9,11.7
09-Aug-11,5083.4,5096.75,13.35
10-Aug-11,5158.65,5168.45,9.8
11-Aug-11,5137.25,5150.1,12.85
12-Aug-11,5079.85,5092.05,12.2
16-Aug-11,5027.7,5039.25,11.55
17-Aug-11,5066.75,5077.55,10.8
18-Aug-11,4938.05,4947.4,9.35
19-Aug-11,4850.85,4857.05,6.2
22-Aug-11,4910.45,4916.3,5.85
23-Aug-11,4947.4,4952.25,4.85
24-Aug-11,4883.85,4891.8,7.95
25-Aug-11,4841.75,4864.1,22.35
26-Aug-11,4748.7,4757.85,9.15
29-Aug-11,4933.15,4943.7,10.55
30-Aug-11,5003,5015.2,12.2
02-Sep-11,5034.1,5046.25,12.15
05-Sep-11,5010.3,5020.65,10.35
06-Sep-11,5061.1,5071.3,10.2
07-Sep-11,5117.2,5127.3,10.1
08-Sep-11,5155,5166.3,11.3
09-Sep-11,5052.5,5064.8,12.3
12-Sep-11,4942.45,4954,11.55
13-Sep-11,4941.6,4953.3,11.7
14-Sep-11,5019.15,5029.6,10.45
15-Sep-11,5081.2,5091.9,10.7
16-Sep-11,5087.6,5101.7,14.1
19-Sep-11,5037.15,5050.35,13.2
20-Sep-11,5156.7,5170.95,14.25
21-Sep-11,5141.3,5156.45,15.15
22-Sep-11,4913.9,4932.9,19
23-Sep-11,4870.7,4885.95,15.25
26-Sep-11,4844.3,4854.25,9.95
27-Sep-11,4977.85,4991.35,13.5
28-Sep-11,4936.65,4942.95,6.3
29-Sep-11,5019.4,5030.15,10.75
30-Sep-11,4934.3,4948.4,14.1
03-Oct-11,4857.75,4871.35,13.6
04-Oct-11,4775,4788.45,13.45
05-Oct-11,4769.3,4782.1,12.8
07-Oct-11,4898.6,4909.9,11.3
10-Oct-11,4993.3,5007.5,14.2
11-Oct-11,4982.45,4997.8,15.35
12-Oct-11,5112.85,5127.45,14.6
13-Oct-11,5074.05,5089.35,15.3
14-Oct-11,5143.35,5160.6,17.25
17-Oct-11,5115.85,5132.45,16.6
18-Oct-11,5044.9,5060.55,15.65
19-Oct-11,5149.4,5165.65,16.25
20-Oct-11,5102.85,5119.7,16.85
21-Oct-11,5054,5074.05,20.05
24-Oct-11,5105.8,5128.65,22.85
25-Oct-11,5181.95,5229.15,47.2
26-Oct-11,5232.05,5249.95,17.9
28-Oct-11,5385.5,5408.5,23
31-Oct-11,5347.1,5370.45,23.35
01-Nov-11,5291.4,5313,21.6
02-Nov-11,5280.2,5303.6,23.4
03-Nov-11,5295.85,5319,23.15
04-Nov-11,5316.85,5341.75,24.9
08-Nov-11,5315.55,5343.15,27.6
09-Nov-11,5237.1,5264.05,26.95
11-Nov-11,5191.75,5216.5,24.75
14-Nov-11,5155.85,5182.65,26.8
15-Nov-11,5078.2,5107,28.8
16-Nov-11,5044.9,5072.45,27.55
17-Nov-11,4932.95,4960.65,27.7
18-Nov-11,4914.6,4942.4,27.8
21-Nov-11,4783.3,4807.85,24.55
22-Nov-11,4805.3,4830.1,24.8
23-Nov-11,4703.9,4720.65,16.75
24-Nov-11,4755,4781.6,26.6
25-Nov-11,4710.95,4731,20.05
28-Nov-11,4870.3,4889.65,19.35
29-Nov-11,4816.75,4834.2,17.45
30-Nov-11,4832.35,4851.6,19.25
01-Dec-11,4963.75,4982.65,18.9
02-Dec-11,5080.7,5100.8,20.1
05-Dec-11,5065.6,5085.55,19.95
07-Dec-11,5086.1,5104.8,18.7
08-Dec-11,4956.6,4976,19.4
09-Dec-11,4885.9,4910.4,24.5
12-Dec-11,4773.7,4796.9,23.2
13-Dec-11,4811.35,4836.35,25
14-Dec-11,4764.2,4788,23.8
15-Dec-11,4757.4,4778.55,21.15
16-Dec-11,4643.15,4664.5,21.35
19-Dec-11,4623.85,4644.35,20.5
20-Dec-11,4554.5,4572.35,17.85
21-Dec-11,4711.5,4728.3,16.8
22-Dec-11,4748.9,4768.5,19.6
23-Dec-11,4720.6,4741.35,20.75
26-Dec-11,4787.7,4807.45,19.75
27-Dec-11,4750.9,4767.3,16.4
28-Dec-11,4711.1,4731.85,20.75
29-Dec-11,4648.6,4673.1,24.5
30-Dec-11,4634.4,4653.8,19.4
02-Jan-12,4648.1,4667.4,19.3
03-Jan-12,4783.2,4802.55,19.35
04-Jan-12,4760.2,4778.6,18.4
05-Jan-12,4758.1,4776.85,18.75
06-Jan-12,4771.95,4789.6,17.65
07-Jan-12,4760,4779.5,19.5
09-Jan-12,4751.8,4772.7,20.9
10-Jan-12,4870.3,4889,18.7
11-Jan-12,4872.35,4891.9,19.55
12-Jan-12,4852.2,4870,17.8
13-Jan-12,4878.2,4898.5,20.3
16-Jan-12,4891.1,4911.5,20.4
17-Jan-12,4977,4998.65,21.65
18-Jan-12,4957.5,4980.65,23.15
19-Jan-12,5022.05,5045.6,23.55
20-Jan-12,5047.85,5077.55,29.7
23-Jan-12,5051.05,5077.4,26.35
24-Jan-12,5120.45,5148.3,27.85
25-Jan-12,5161.4,5181.55,20.15
27-Jan-12,5212.8,5237.95,25.15
30-Jan-12,5112.1,5140.05,27.95
31-Jan-12,5223.35,5249.15,25.8
01-Feb-12,5262.15,5290.6,28.45
02-Feb-12,5274.35,5300.85,26.5
03-Feb-12,5345.55,5374.5,28.95
06-Feb-12,5366.85,5392.55,25.7
07-Feb-12,5355.2,5381.45,26.25
08-Feb-12,5388.5,5415.95,27.45
09-Feb-12,5437.05,5465.6,28.55
10-Feb-12,5397.65,5427.6,29.95
13-Feb-12,5418,5449.35,31.35
14-Feb-12,5440.35,5472.6,32.25
15-Feb-12,5552.55,5586.6,34.05
16-Feb-12,5537.8,5573.55,35.75
17-Feb-12,5589.6,5625.1,35.5
21-Feb-12,5622.15,5663.7,41.55
22-Feb-12,5518.1,5562.65,44.55
23-Feb-12,5488.25,5539,50.75
24-Feb-12,5487.45,5519.75,32.3
27-Feb-12,5338.6,5372.25,33.65
28-Feb-12,5441.5,5474.85,33.35
29-Feb-12,5439.5,5474.8,35.3
01-Mar-12,5390.75,5427.5,36.75
02-Mar-12,5391.5,5426.3,34.8
03-Mar-12,5396.5,5433.35,36.85
05-Mar-12,5318.55,5356.5,37.95
06-Mar-12,5250.4,5289.8,39.4
07-Mar-12,5258.7,5297,38.3
09-Mar-12,5364.15,5401.1,36.95
12-Mar-12,5388.75,5428.75,40
13-Mar-12,5468.4,5507,38.6
14-Mar-12,5506.1,5545.1,39
15-Mar-12,5419.1,5460.25,41.15
16-Mar-12,5342.7,5384,41.3
19-Mar-12,5277.3,5318.85,41.55
20-Mar-12,5297,5338.35,41.35
21-Mar-12,5394.5,5438.55,44.05
22-Mar-12,5240.05,5286.6,46.55
23-Mar-12,5285.35,5326.4,41.05
26-Mar-12,5191.3,5235.4,44.1
27-Mar-12,5251.75,5295.85,44.1
28-Mar-12,5197.4,5247.15,49.75
29-Mar-12,5177,5232.6,55.6
30-Mar-12,5333.25,5367.25,34
02-Apr-12,5350.65,5383.1,32.45
03-Apr-12,5383.25,5417.1,33.85
04-Apr-12,5344.55,5376.8,32.25
09-Apr-12,5253,5287.8,34.8
10-Apr-12,5266.15,5302.7,36.55
11-Apr-12,5251.35,5283.35,32
12-Apr-12,5290.65,5325.9,35.25
13-Apr-12,5221.1,5254.8,33.7
16-Apr-12,5248.45,5282.85,34.4
17-Apr-12,5319.6,5351.5,31.9
18-Apr-12,5322.7,5356.85,34.15
19-Apr-12,5356.2,5389.05,32.85
20-Apr-12,5302,5338.15,36.15
23-Apr-12,5198.6,5232.8,34.2
24-Apr-12,5224.35,5260.95,36.6
25-Apr-12,5198.6,5234.55,35.95
26-Apr-12,5186.65,5214.7,28.05
27-Apr-12,5210.8,5226.9,16.1
28-Apr-12,5232.2,5247.2,15
30-Apr-12,5267.85,5283.9,16.05
02-May-12,5246.95,5264.25,17.3
03-May-12,5199.8,5218.4,18.6
04-May-12,5097.95,5115.85,17.9
07-May-12,5125.95,5141.15,15.2
08-May-12,5005.6,5023.7,18.1
09-May-12,4983.95,5000.4,16.45
10-May-12,4966.8,4982.55,15.75
11-May-12,4931.35,4945,13.65
14-May-12,4888.25,4904.15,15.9
15-May-12,4942.25,4959.65,17.4
16-May-12,4856.9,4873.5,16.6
17-May-12,4852.3,4868.05,15.75
18-May-12,4888.95,4903.35,14.4
21-May-12,4893.9,4911.45,17.55
22-May-12,4841.2,4856.7,15.5
23-May-12,4814.55,4829.5,14.95
24-May-12,4913.1,4925.65,12.55
25-May-12,4918.85,4929.4,10.55
28-May-12,4975.4,4981.2,5.8
29-May-12,4981.65,4985.65,4
30-May-12,4933.05,4932,-1.05
31-May-12,4916.25,4921.6,5.35
01-Jun-12,4824.55,4841.15,16.6
04-Jun-12,4840.5,4854.2,13.7
05-Jun-12,4846.3,4862.05,15.75
06-Jun-12,4978.6,4995.85,17.25
07-Jun-12,5029.35,5045.7,16.35
08-Jun-12,5059.4,5078.15,18.75
11-Jun-12,5052.6,5074.8,22.2
12-Jun-12,5126.45,5147.85,21.4
13-Jun-12,5123,5144.1,21.1
14-Jun-12,5054.1,5078.2,24.1
15-Jun-12,5147.7,5167.95,20.25
18-Jun-12,5058.8,5080.4,21.6
19-Jun-12,5110.6,5128.3,17.7
20-Jun-12,5122.45,5140.65,18.2
21-Jun-12,5173.85,5191.65,17.8
22-Jun-12,5151.15,5171.65,20.5
25-Jun-12,5109.3,5133.65,24.35
26-Jun-12,5125.7,5147.15,21.45
27-Jun-12,5139.65,5160.2,20.55
28-Jun-12,5150.75,5155.75,5
29-Jun-12,5297.35,5322,24.65
02-Jul-12,5295.6,5320.9,25.3
03-Jul-12,5305.75,5331.2,25.45
04-Jul-12,5322.65,5349.45,26.8
05-Jul-12,5344.5,5373.9,29.4
06-Jul-12,5327.2,5354.2,27
09-Jul-12,5279.4,5307.8,28.4
10-Jul-12,5358.15,5384.95,26.8
11-Jul-12,5322.9,5348.65,25.75
12-Jul-12,5251.4,5277.35,25.95
13-Jul-12,5240.45,5265.5,25.05
16-Jul-12,5206.85,5232.3,25.45
17-Jul-12,5198.65,5222.45,23.8
18-Jul-12,5223.55,5246.3,22.75
19-Jul-12,5257,5280.15,23.15
20-Jul-12,5216.6,5239.05,22.45
23-Jul-12,5120.4,5142.25,21.85
24-Jul-12,5135.35,5159.5,24.15
25-Jul-12,5112.55,5139.2,26.65
26-Jul-12,5043.25,5081.3,38.05
27-Jul-12,5123.55,5149.5,25.95
30-Jul-12,5216.7,5243.5,26.8
31-Jul-12,5240.55,5266.8,26.25
01-Aug-12,5256.3,5282.2,25.9
02-Aug-12,5246.7,5274.4,27.7
03-Aug-12,5241.05,5266.7,25.65
06-Aug-12,5296.85,5322.35,25.5
07-Aug-12,5347.7,5373.6,25.9
08-Aug-12,5354.75,5380.2,25.45
09-Aug-12,5350.05,5377.2,27.15
10-Aug-12,5345.1,5369.15,24.05
13-Aug-12,5371.9,5398.25,26.35
14-Aug-12,5406.85,5433.05,26.2
16-Aug-12,5382,5409.55,27.55
17-Aug-12,5382.35,5409.1,26.75
21-Aug-12,5441.9,5467.75,25.85
22-Aug-12,5431.1,5457.7,26.6
23-Aug-12,5427.15,5454.15,27
24-Aug-12,5402.7,5428.9,26.2
27-Aug-12,5362.4,5393.1,30.7
28-Aug-12,5346.05,5378.1,32.05
29-Aug-12,5296.6,5327.8,31.2
30-Aug-12,5306.9,5330.15,23.25
31-Aug-12,5291.65,5319.25,27.6
03-Sep-12,5282.9,5310.9,28
04-Sep-12,5299.4,5327.65,28.25
05-Sep-12,5253.35,5282.05,28.7
06-Sep-12,5261.1,5289.65,28.55
07-Sep-12,5359.1,5385.65,26.55
08-Sep-12,5380.2,5403.7,23.5
10-Sep-12,5371.65,5399.35,27.7
11-Sep-12,5405.35,5432.85,27.5
12-Sep-12,5446.95,5472.35,25.4
13-Sep-12,5450.7,5476.1,25.4
14-Sep-12,5584.9,5608.85,23.95
17-Sep-12,5616.7,5638.65,21.95
18-Sep-12,5612.25,5634.9,22.65
20-Sep-12,5571,5594.75,23.75
21-Sep-12,5707.05,5728.85,21.8
24-Sep-12,5681.65,5702.8,21.15
25-Sep-12,5683,5708.7,25.7
26-Sep-12,5669.85,5696.75,26.9
27-Sep-12,5652.95,5684.3,31.35
28-Sep-12,5729.55,5756.85,27.3
01-Oct-12,5754.15,5782.9,28.75
03-Oct-12,5768.25,5796.75,28.5
04-Oct-12,5825.7,5853.4,27.7
05-Oct-12,5776.55,5807.5,30.95
08-Oct-12,5701,5732.6,31.6
09-Oct-12,5723.9,5755.4,31.5
10-Oct-12,5672.45,5707.1,34.65
11-Oct-12,5739.35,5770.15,30.8
12-Oct-12,5686.55,5718.35,31.8
15-Oct-12,5702.75,5732.35,29.6
16-Oct-12,5651.55,5681.45,29.9
17-Oct-12,5669.5,5698.55,29.05
18-Oct-12,5736.45,5767.4,30.95
19-Oct-12,5688.3,5720.25,31.95
22-Oct-12,5724.75,5758.8,34.05
23-Oct-12,5695.5,5733.45,37.95
25-Oct-12,5704.7,5746.85,42.15
26-Oct-12,5699.3,5729.5,30.2
29-Oct-12,5702.1,5733.45,31.35
30-Oct-12,5628,5660.8,32.8
31-Oct-12,5646.1,5678.4,32.3
01-Nov-12,5676,5708.7,32.7
02-Nov-12,5739.55,5771.95,32.4
05-Nov-12,5739.65,5771.75,32.1
06-Nov-12,5766.65,5798.8,32.15
07-Nov-12,5793.25,5825.8,32.55
08-Nov-12,5765.2,5798.15,32.95
09-Nov-12,5720.6,5754.25,33.65
12-Nov-12,5711.1,5746.2,35.1
13-Nov-12,5680.7,5716.6,35.9
15-Nov-12,5649.15,5684.6,35.45
16-Nov-12,5580.55,5616.35,35.8
19-Nov-12,5589.65,5622.8,33.15
20-Nov-12,5583.85,5615.5,31.65
21-Nov-12,5622.1,5653.6,31.5
22-Nov-12,5640.45,5671,30.55
23-Nov-12,5633.35,5666.3,32.95
26-Nov-12,5642.75,5677.95,35.2
27-Nov-12,5732.05,5769.3,37.25
29-Nov-12,5828.05,5869.35,41.3
30-Nov-12,5909.05,5941.6,32.55
03-Dec-12,5911.6,5943.1,31.5
04-Dec-12,5923.65,5956,32.35
05-Dec-12,5940.45,5973.4,32.95
06-Dec-12,5970.65,6003.05,32.4
07-Dec-12,5944.9,5978.5,33.6
10-Dec-12,5942.45,5976.1,33.65
11-Dec-12,5928.4,5963.55,35.15
12-Dec-12,5928.25,5963.65,35.4
13-Dec-12,5876.45,5914.5,38.05
14-Dec-12,5914.9,5951.2,36.3
17-Dec-12,5889.35,5927.1,37.75
18-Dec-12,5928.9,5966.5,37.6
19-Dec-12,5946.9,5986.4,39.5
20-Dec-12,5931.15,5979,47.85
21-Dec-12,5853.4,5904.45,51.05
24-Dec-12,5865.55,5916.75,51.2
26-Dec-12,5913.75,5964,50.25
27-Dec-12,5874.2,5930.3,56.1
28-Dec-12,5954.55,5990.45,35.9
31-Dec-12,5951.75,5988.7,36.95
01-Jan-13,6007.5,6044.25,36.75
02-Jan-13,6035.65,6075.4,39.75
03-Jan-13,6039.55,6078.15,38.6
04-Jan-13,6048,6085.25,37.25
07-Jan-13,6023.7,6057.15,33.45
08-Jan-13,6043.3,6078.4,35.1
09-Jan-13,5998.75,6036.5,37.75
10-Jan-13,6003.6,6041.75,38.15
11-Jan-13,5977.3,6017.5,40.2
14-Jan-13,6057.5,6099.95,42.45
15-Jan-13,6081.3,6121,39.7
16-Jan-13,6019.25,6060.45,41.2
17-Jan-13,6054.45,6093.75,39.3
18-Jan-13,6074.85,6111.9,37.05
21-Jan-13,6096.45,6132.7,36.25
22-Jan-13,6061.55,6099.9,38.35
23-Jan-13,6069.15,6106,36.85
24-Jan-13,6019.75,6057.2,37.45
25-Jan-13,6073.7,6111.3,37.6
28-Jan-13,6077.2,6117.6,40.4
29-Jan-13,6049.4,6089.3,39.9
30-Jan-13,6060.3,6094.9,34.6
31-Jan-13,6037.25,6067.2,29.95
01-Feb-13,6036.1,6069.45,33.35
04-Feb-13,5996.3,6030.1,33.8
05-Feb-13,5974.45,6007.9,33.45
06-Feb-13,5972.9,6004.15,31.25
07-Feb-13,5961.1,5991.75,30.65
08-Feb-13,5921.8,5948.75,26.95
11-Feb-13,5921.35,5951.45,30.1
12-Feb-13,5941.4,5970.5,29.1
13-Feb-13,5936.55,5965.6,29.05
14-Feb-13,5900.2,5931.85,31.65
15-Feb-13,5892.65,5923.85,31.2
18-Feb-13,5904.6,5934.8,30.2
19-Feb-13,5953.4,5983.65,30.25
20-Feb-13,5963.85,5992.8,28.95
21-Feb-13,5853.45,5883.7,30.25
22-Feb-13,5853.95,5885,31.05
25-Feb-13,5857.8,5893.15,35.35
26-Feb-13,5767,5793.35,26.35
27-Feb-13,5797.9,5825.8,27.9
28-Feb-13,5692.45,5729.4,36.95
01-Mar-13,5729.95,5760.55,30.6
04-Mar-13,5716.85,5744.95,28.1
05-Mar-13,5802.8,5830.9,28.1
06-Mar-13,5841.35,5869.25,27.9
07-Mar-13,5889.4,5917.4,28
08-Mar-13,5968.3,5998.2,29.9
11-Mar-13,5957.4,5988.6,31.2
12-Mar-13,5937.25,5970.25,33
13-Mar-13,5867.75,5903.85,36.1
14-Mar-13,5939.75,5973.6,33.85
15-Mar-13,5897.1,5931.65,34.55
18-Mar-13,5851.4,5886.1,34.7
19-Mar-13,5751.9,5787.4,35.5
20-Mar-13,5715.5,5752.9,37.4
21-Mar-13,5664.45,5701.9,37.45
22-Mar-13,5668.4,5706.6,38.2
25-Mar-13,5645.05,5684,38.95
26-Mar-13,5640.35,5675.85,35.5
28-Mar-13,5676.5,5714.25,37.75
01-Apr-13,5726.55,5746.05,19.5
02-Apr-13,5766.6,5784.55,17.95
03-Apr-13,5688.1,5710.6,22.5
04-Apr-13,5593.2,5613.65,20.45
05-Apr-13,5572.05,5594.5,22.45
08-Apr-13,5559,5578.3,19.3
09-Apr-13,5500.85,5519.45,18.6
10-Apr-13,5563.85,5583,19.15
11-Apr-13,5594.8,5614.25,19.45
12-Apr-13,5535.2,5553.45,18.25
15-Apr-13,5568.05,5588.1,20.05
16-Apr-13,5696.35,5713.65,17.3
17-Apr-13,5694.2,5711.25,17.05
18-Apr-13,5783,5801.4,18.4
22-Apr-13,5832.85,5848.15,15.3
23-Apr-13,5843,5857.9,14.9
25-Apr-13,5910.05,5921.8,11.75
26-Apr-13,5887.75,5897.5,9.75
29-Apr-13,5918.2,5929.15,10.95
30-Apr-13,5929,5938.75,9.75
02-May-13,6007.4,6014.35,6.95
03-May-13,5948.25,5955.75,7.5
06-May-13,5971.3,5978.35,7.05
07-May-13,6050.3,6057.3,7
08-May-13,6075.2,6083.1,7.9
09-May-13,6048.95,6054.55,5.6
10-May-13,6108.35,6111.85,3.5
11-May-13,6118.7,6120.2,1.5
13-May-13,5994.45,6000.5,6.05
14-May-13,6006,6011.35,5.35
15-May-13,6161.5,6166.75,5.25
16-May-13,6178.05,6182.45,4.4
17-May-13,6196.1,6201.4,5.3
20-May-13,6164.85,6173.65,8.8
21-May-13,6116.9,6127.3,10.4
22-May-13,6104.05,6114.1,10.05
23-May-13,5966.1,5975.6,9.5
24-May-13,5985.4,5999.2,13.8
27-May-13,6083.45,6102.75,19.3
28-May-13,6109.4,6131.55,22.15
29-May-13,6090.25,6110.4,20.15
30-May-13,6124.2,6131.25,7.05
31-May-13,6000.05,6016.55,16.5
03-Jun-13,5959.2,5972.7,13.5
04-Jun-13,5932.35,5946.7,14.35
05-Jun-13,5938.3,5954,15.7
06-Jun-13,5936.85,5952,15.15
07-Jun-13,5895.2,5915.25,20.05
10-Jun-13,5893.35,5916.55,23.2
11-Jun-13,5801.65,5821.15,19.5
12-Jun-13,5771.9,5792.5,20.6
13-Jun-13,5705.45,5724.4,18.95
14-Jun-13,5805.95,5823.8,17.85
17-Jun-13,5847.75,5864.95,17.2
18-Jun-13,5812,5830.1,18.1
19-Jun-13,5822.7,5840.9,18.2
20-Jun-13,5648.45,5668.1,19.65
21-Jun-13,5661.85,5678.65,16.8
24-Jun-13,5588.3,5600.35,12.05
25-Jun-13,5608.3,5619.15,10.85
26-Jun-13,5581.1,5588.2,7.1
27-Jun-13,5683.9,5687.05,3.15
28-Jun-13,5841.45,5861.15,19.7
01-Jul-13,5892.2,5915,22.8
02-Jul-13,5859.05,5881.5,22.45
03-Jul-13,5767.85,5791.5,23.65
04-Jul-13,5840.1,5863.25,23.15
05-Jul-13,5874.95,5898.2,23.25
08-Jul-13,5829.25,5852.45,23.2
09-Jul-13,5868.35,5890.65,22.3
10-Jul-13,5822.05,5844.1,22.05
11-Jul-13,5941.35,5963.4,22.05
12-Jul-13,6007.25,6028.9,21.65
15-Jul-13,6032.6,6057.2,24.6
16-Jul-13,5969.7,5994.05,24.35
17-Jul-13,5970.85,5998.95,28.1
18-Jul-13,6052.4,6085.35,32.95
19-Jul-13,6042.55,6080.1,37.55
22-Jul-13,6043.55,6080.6,37.05
23-Jul-13,6087,6121.55,34.55
24-Jul-13,6002.7,6036.75,34.05
25-Jul-13,5907.35,5943.9,36.55
26-Jul-13,5925.25,5956.5,31.25
29-Jul-13,5877.35,5905.95,28.6
30-Jul-13,5797.55,5828.75,31.2
31-Jul-13,5781.05,5812.5,31.45
01-Aug-13,5762.05,5792.7,30.65
02-Aug-13,5705.55,5732.45,26.9
05-Aug-13,5723.6,5753.7,30.1
06-Aug-13,5573.35,5603.25,29.9
07-Aug-13,5554.15,5583.8,29.65
08-Aug-13,5589.7,5620.05,30.35
12-Aug-13,5621.75,5649.35,27.6
13-Aug-13,5711.35,5740.6,29.25
14-Aug-13,5748.3,5781.45,33.15
16-Aug-13,5505,5537.6,32.6
19-Aug-13,5416.75,5451.6,34.85
20-Aug-13,5398.25,5434.7,36.45
21-Aug-13,5291.6,5326.8,35.2
22-Aug-13,5414.3,5440.95,26.65
23-Aug-13,5460.7,5490.3,29.6
26-Aug-13,5467.1,5492.8,25.7
27-Aug-13,5284.8,5302.35,17.55
28-Aug-13,5288.95,5304,15.05
29-Aug-13,5416.75,5415.15,-1.6
30-Aug-13,5456.75,5484.7,27.95
02-Sep-13,5554.6,5577.3,22.7
03-Sep-13,5344.55,5372.05,27.5
04-Sep-13,5458.05,5483.9,25.85
05-Sep-13,5607.15,5631.8,24.65
06-Sep-13,5697.8,5724,26.2
10-Sep-13,5907.15,5936.35,29.2
11-Sep-13,5939.65,5981,41.35
12-Sep-13,5860.45,5900.9,40.45
13-Sep-13,5875.9,5919.5,43.6
16-Sep-13,5862.25,5905.75,43.5
17-Sep-13,5880.5,5925.55,45.05
18-Sep-13,5931.45,5981.3,49.85
19-Sep-13,6145.75,6189.05,43.3
20-Sep-13,6037.5,6082.45,44.95
23-Sep-13,5914.4,5961.55,47.15
24-Sep-13,5914.35,5967.45,53.1
25-Sep-13,5889,5938.15,49.15
26-Sep-13,5883.85,5947.3,63.45
27-Sep-13,5888.15,5927.05,38.9
30-Sep-13,5791.45,5824.7,33.25
01-Oct-13,5828.45,5867.65,39.2
03-Oct-13,5966.8,6005.25,38.45
04-Oct-13,5950.9,5990.8,39.9
07-Oct-13,5943.2,5985.95,42.75
08-Oct-13,5959.45,6001.4,41.95
09-Oct-13,6048.5,6093.8,45.3
10-Oct-13,6059.8,6105.35,45.55
11-Oct-13,6130.5,6175.8,45.3
14-Oct-13,6143.35,6191.25,47.9
15-Oct-13,6110.65,6157.95,47.3
17-Oct-13,6071,6121.65,50.65
18-Oct-13,6210.45,6259.55,49.1
21-Oct-13,6226.15,6277.4,51.25
22-Oct-13,6222.65,6273.1,50.45
23-Oct-13,6190.3,6240,49.7
24-Oct-13,6173.8,6225,51.2
25-Oct-13,6151.55,6203.35,51.8
28-Oct-13,6105.3,6158.85,53.55
29-Oct-13,6228.95,6278.15,49.2
30-Oct-13,6250.9,6300.7,49.8
31-Oct-13,6294.9,6331.3,36.4
01-Nov-13,6358.7,6401.45,42.75
03-Nov-13,6353.05,6393.55,40.5
05-Nov-13,6298.8,6345.2,46.4
06-Nov-13,6259.15,6306.15,47
07-Nov-13,6227.3,6275.5,48.2
08-Nov-13,6186.6,6237.35,50.75
11-Nov-13,6126.85,6177.75,50.9
12-Nov-13,6071.55,6123.85,52.3
13-Nov-13,6033,6085.05,52.05
14-Nov-13,6088.95,6141.35,52.4
18-Nov-13,6217.05,6267.9,50.85
19-Nov-13,6230.5,6282.25,51.75
20-Nov-13,6149.05,6203.15,54.1
21-Nov-13,6018.5,6070.45,51.95
22-Nov-13,6015.25,6069.7,54.45
25-Nov-13,6133.9,6182.95,49.05
26-Nov-13,6071.95,6118.8,46.85
27-Nov-13,6069.7,6116.25,46.55
28-Nov-13,6087.05,6148.8,61.75
29-Nov-13,6225.5,6278.35,52.85
02-Dec-13,6263.75,6318.4,54.65
03-Dec-13,6248.4,6303.6,55.2
04-Dec-13,6199.15,6255.5,56.35
05-Dec-13,6279.95,6335,55.05
06-Dec-13,6303.75,6356.2,52.45
09-Dec-13,6391.75,6445.75,54
10-Dec-13,6369.5,6423.45,53.95
11-Dec-13,6343.45,6395.75,52.3
12-Dec-13,6264.95,6319.45,54.5
13-Dec-13,6197.75,6252.3,54.55
16-Dec-13,6179.7,6233.6,53.9
17-Dec-13,6160.85,6214.8,53.95
18-Dec-13,6249.65,6303,53.35
19-Dec-13,6177.8,6229.65,51.85
20-Dec-13,6292.35,6343.6,51.25
23-Dec-13,6302.35,6360.25,57.9
24-Dec-13,6281.7,6338.5,56.8
26-Dec-13,6279.35,6344.5,65.15
30-Dec-13,6334.7,6375.4,40.7
31-Dec-13,6354.7,6397.85,43.15
01-Jan-14,6358.15,6401.65,43.5
02-Jan-14,6257.75,6302.2,44.45
03-Jan-14,6251.75,6294.9,43.15
06-Jan-14,6229.2,6269.5,40.3
07-Jan-14,6195.85,6234.15,38.3
08-Jan-14,6197.5,6234.75,37.25
09-Jan-14,6184.45,6223.4,38.95
10-Jan-14,6178.25,6214.8,36.55
13-Jan-14,6285.3,6318.95,33.65
14-Jan-14,6256.5,6290.5,34
15-Jan-14,6331.1,6365.5,34.4
16-Jan-14,6329.85,6365.6,35.75
17-Jan-14,6261.65,6300.8,39.15
20-Jan-14,6320.15,6357.15,37
21-Jan-14,6326.4,6362.55,36.15
22-Jan-14,6353,6390.55,37.55
23-Jan-14,6357.8,6392.95,35.15
24-Jan-14,6276.15,6311.95,35.8
27-Jan-14,6148.05,6185.2,37.15
